{"cameraMode":{"drawMode":0,"name":"Shaded","section":"Shading Mode"},"sceneLighting":false,"audioPlay":false,"sceneViewState":{"showFog":false,"showMaterialUpdate":false,"showSkybox":false,"showFlares":false,"showImageEffects":false,"showParticleSystems":true},"in2DMode":false,"pivot":{"x":1.0037599802017213,"y":0.36403554677963259,"z":0.9110286235809326},"rotation":{"x":0.04017825797200203,"y":0.008090369403362275,"z":0.0003252908354625106,"w":-0.9991597533226013},"size":19.392864227294923,"orthographic":false}