{"cameraMode":{"drawMode":0,"name":"Shaded","section":"Shading Mode"},"sceneLighting":false,"audioPlay":false,"sceneViewState":{"showFog":false,"showMaterialUpdate":false,"showSkybox":false,"showFlares":false,"showImageEffects":false,"showParticleSystems":true},"in2DMode":false,"pivot":{"x":-19.87749481201172,"y":-3.868330240249634,"z":0.0},"rotation":{"x":-0.00030947450431995094,"y":-0.03239734470844269,"z":0.000010489684427739121,"w":-0.9994750022888184},"size":62.10564422607422,"orthographic":false}