{"cameraMode":{"drawMode":0,"name":"Shaded","section":"Shading Mode"},"sceneLighting":false,"audioPlay":false,"sceneViewState":{"showFog":false,"showMaterialUpdate":false,"showSkybox":false,"showFlares":false,"showImageEffects":false,"showParticleSystems":true},"in2DMode":false,"pivot":{"x":-6.0746073722839359,"y":-1.7312304973602296,"z":-0.008328278549015522},"rotation":{"x":0.1276404857635498,"y":0.27352434396743777,"z":0.03664659336209297,"w":-0.9526538848876953},"size":5.164951801300049,"orthographic":false}